"Status","Start Time","Stop Time","Duration in ms","Parent Suite","Suite","Sub Suite","Test Class","Test Method","Name","Description"
"passed","Wed May 10 10:13:11 CST 2023","Wed May 10 10:13:11 CST 2023","0","testcase","test2","TestCase_1","","","test_6",""
"skipped","Wed May 10 10:13:11 CST 2023","Wed May 10 10:13:11 CST 2023","0","testcase","test2","TestCase_1","","","test_1",""
"passed","Wed May 10 10:13:11 CST 2023","Wed May 10 10:13:11 CST 2023","0","testcase","test2","TestCase_1","","","test_4",""
"passed","Wed May 10 10:13:11 CST 2023","Wed May 10 10:13:11 CST 2023","0","testcase","test2","TestCase_1","","","test_2",""
"passed","Wed May 10 10:13:10 CST 2023","Wed May 10 10:13:10 CST 2023","0","testcase","test1--各种装饰器学习","Test_1","","","test_unexpected_passes",""
"passed","Wed May 10 10:13:11 CST 2023","Wed May 10 10:13:11 CST 2023","0","testcase","test2","","","","test_function_1",""
"passed","Wed May 10 10:13:10 CST 2023","Wed May 10 10:13:10 CST 2023","0","testcase","test1--各种装饰器学习","Test_1","","","test_smoking0",""
"passed","Wed May 10 10:13:10 CST 2023","Wed May 10 10:13:10 CST 2023","0","testcase","test2","TestCase_1","","","test_8",""
"skipped","Wed May 10 10:13:10 CST 2023","Wed May 10 10:13:10 CST 2023","0","testcase","test1--各种装饰器学习","Test_1","","","test_expected_failures",""
"passed","Wed May 10 10:13:10 CST 2023","Wed May 10 10:13:10 CST 2023","0","testcase","test2","TestCase_1","","","test_7",""
"passed","Wed May 10 10:13:11 CST 2023","Wed May 10 10:13:11 CST 2023","0","testcase","test2","TestCase_1","","","test_5",""
"passed","Wed May 10 10:13:10 CST 2023","Wed May 10 10:13:10 CST 2023","0","testcase","test1--各种装饰器学习","Test_1","","","test_111",""
"skipped","Wed May 10 10:13:11 CST 2023","Wed May 10 10:13:11 CST 2023","0","testcase","test2","TestCase_1","","","test_0",""
